,date,open,high,low,close,volumn,tic,openinterest,day
0,2017-12-20,99.71,99.94,98.46,89.57,3091000,AXP,0,2
1,2017-12-21,99.05,99.19,98.37,89.56,2339500,AXP,0,3
2,2017-12-22,98.47,99.04,98.21,89.78,1980300,AXP,0,4
3,2017-12-26,98.8,98.92,98.13,89.62,1575200,AXP,0,1
4,2017-12-27,98.9,99.25,98.57,90.13,2569900,AXP,0,2
5,2017-12-28,99.64,99.91,99.36,90.65,1914900,AXP,0,3
6,2017-12-29,100.0,100.25,99.26,90.3,2056800,AXP,0,4
7,2018-01-02,99.73,99.73,98.22,89.96,2746700,AXP,0,1
8,2018-01-03,99.24,99.76,99.02,90.51,2976400,AXP,0,2
9,2018-01-04,100.03,101.65,99.91,92.02,3122000,AXP,0,3
10,2018-01-05,100.85,101.08,100.27,92.23,2550300,AXP,0,4
11,2018-01-08,101.0,101.2,100.12,91.38,1896500,AXP,0,0
12,2018-01-09,100.36,100.8,100.27,91.72,2978500,AXP,0,1
13,2018-01-10,100.39,101.59,100.33,92.36,2279200,AXP,0,2
14,2018-01-11,101.44,101.44,100.2,91.91,2745400,AXP,0,3
15,2018-01-12,100.86,101.03,99.93,92.13,3231500,AXP,0,4
16,2018-01-16,102.01,102.39,100.15,91.55,3814000,AXP,0,1
17,2018-01-17,100.99,101.0,99.24,91.94,4469700,AXP,0,2
18,2018-01-18,100.84,100.84,99.58,91.12,5290700,AXP,0,3
19,2018-01-19,97.01,98.94,96.35,89.45,12306000,AXP,0,4
20,2018-01-22,97.26,98.34,96.84,89.71,4983600,AXP,0,0
21,2018-01-23,98.16,98.4,97.44,89.4,4375200,AXP,0,1
22,2018-01-24,98.25,99.51,98.16,90.6,4949500,AXP,0,2
23,2018-01-25,99.43,100.11,99.2,90.96,3375200,AXP,0,3
24,2018-01-26,99.85,99.95,98.95,90.91,3668700,AXP,0,4
25,2018-01-29,99.75,100.18,99.23,90.71,3472100,AXP,0,0
26,2018-01-30,99.45,100.1,98.69,90.07,3466500,AXP,0,1
27,2018-01-31,98.74,99.71,98.5,90.7,3202900,AXP,0,2
28,2018-02-01,98.95,100.04,98.4,91.24,2952100,AXP,0,3
29,2018-02-02,99.53,99.69,96.64,88.21,4663300,AXP,0,4
30,2018-02-05,95.83,96.72,88.61,83.95,6421900,AXP,0,0
31,2018-02-06,89.75,94.22,88.51,85.93,7244000,AXP,0,1
32,2018-02-07,93.53,94.85,93.41,85.41,3796800,AXP,0,2
33,2018-02-08,93.75,93.97,88.28,80.6,5814900,AXP,0,3
34,2018-02-09,89.47,92.52,87.54,83.69,8017600,AXP,0,4
35,2018-02-12,92.58,95.68,92.42,86.41,7419200,AXP,0,0
36,2018-02-13,94.03,94.81,92.82,86.28,3366700,AXP,0,1
37,2018-02-14,93.97,96.56,93.67,87.8,3446800,AXP,0,2
38,2018-02-15,97.06,97.21,95.44,88.1,3057400,AXP,0,3
39,2018-02-16,96.37,97.49,96.25,88.31,3280700,AXP,0,4
40,2018-02-20,96.58,97.71,96.5,88.68,3514700,AXP,0,1
41,2018-02-21,96.92,98.49,96.75,88.96,4431500,AXP,0,2
42,2018-02-22,97.59,98.07,97.05,88.83,4270100,AXP,0,3
43,2018-02-23,97.78,98.84,97.55,90.15,2440600,AXP,0,4
44,2018-02-26,99.43,101.68,98.97,92.74,4953100,AXP,0,0
45,2018-02-27,101.66,102.12,99.58,90.86,5167300,AXP,0,1
46,2018-02-28,100.04,100.36,97.43,88.97,4053700,AXP,0,2
47,2018-03-01,97.82,98.3,94.53,86.81,4369800,AXP,0,3
48,2018-03-02,94.63,95.75,93.2,87.23,3584700,AXP,0,4
49,2018-03-05,95.09,97.29,94.7,88.2,2661400,AXP,0,0
50,2018-03-06,96.99,96.99,95.14,87.66,3221100,AXP,0,1
51,2018-03-07,95.21,95.73,94.28,87.27,3594900,AXP,0,2
52,2018-03-08,96.05,96.68,95.09,88.13,3760500,AXP,0,3
53,2018-03-09,97.58,99.11,97.06,90.38,3044300,AXP,0,4
54,2018-03-12,99.09,99.7,97.48,89.12,4020900,AXP,0,0
55,2018-03-13,98.12,98.23,95.08,87.02,4858700,AXP,0,1
56,2018-03-14,95.96,96.17,94.09,86.25,3013800,AXP,0,2
57,2018-03-15,95.06,95.41,93.96,86.12,3213000,AXP,0,3
58,2018-03-16,94.55,96.39,94.27,87.24,5124900,AXP,0,4
59,2018-03-19,95.44,95.48,93.8,86.54,2610400,AXP,0,0
60,2018-03-20,95.35,95.65,94.72,86.64,2501600,AXP,0,1
61,2018-03-21,94.62,96.27,94.4,86.44,2124000,AXP,0,2
62,2018-03-22,93.74,93.96,91.12,83.41,4113900,AXP,0,3
63,2018-03-23,91.82,92.36,90.41,82.53,5100400,AXP,0,4
64,2018-03-26,91.37,92.99,90.8,84.51,2769800,AXP,0,0
65,2018-03-27,92.81,93.74,90.87,83.41,4357300,AXP,0,1
66,2018-03-28,91.76,93.54,91.6,84.14,5509700,AXP,0,2
67,2018-03-29,92.39,94.37,92.29,85.11,4940600,AXP,0,3
68,2018-04-02,93.14,93.55,89.96,83.03,4998400,AXP,0,0
69,2018-04-03,91.55,92.93,91.18,84.62,2864500,AXP,0,1
70,2018-04-04,91.21,93.92,91.08,85.39,4619200,AXP,0,2
71,2018-04-05,94.2,95.05,93.8,86.27,2482300,AXP,0,3
72,2018-04-06,93.24,93.81,90.81,84.18,2968900,AXP,0,4
73,2018-04-09,92.7,94.24,91.96,84.39,3109700,AXP,0,0
74,2018-04-10,93.41,93.69,92.53,85.18,4584000,AXP,0,1
75,2018-04-11,91.94,92.81,91.36,83.89,4064900,AXP,0,2
76,2018-04-12,92.52,93.94,92.06,85.5,3137300,AXP,0,3
77,2018-04-13,94.13,94.3,92.54,85.2,2510300,AXP,0,4
78,2018-04-16,93.78,94.2,93.11,85.72,2811500,AXP,0,0
79,2018-04-17,93.96,94.6,93.59,85.96,2651700,AXP,0,1
80,2018-04-18,94.04,95.24,94.0,87.14,4981400,AXP,0,2
81,2018-04-19,99.36,102.96,99.05,93.76,11716900,AXP,0,3
82,2018-04-20,102.2,102.67,100.37,92.31,5614700,AXP,0,4
83,2018-04-23,100.78,101.16,99.91,92.14,3183300,AXP,0,0
84,2018-04-24,101.19,101.71,99.58,91.99,5048900,AXP,0,1
85,2018-04-25,100.0,100.3,97.9,90.47,5129200,AXP,0,2
86,2018-04-26,98.85,100.51,98.56,91.8,3021100,AXP,0,3
87,2018-04-27,99.99,100.29,98.93,91.23,2017000,AXP,0,4
88,2018-04-30,100.0,100.37,98.73,90.44,2567000,AXP,0,0
89,2018-05-01,98.82,98.82,97.29,90.29,2915200,AXP,0,1
90,2018-05-02,98.06,99.37,97.55,89.42,3542000,AXP,0,2
91,2018-05-03,97.17,97.32,95.51,88.97,3572300,AXP,0,3
92,2018-05-04,96.35,98.95,96.04,90.07,2363200,AXP,0,4
93,2018-05-07,98.53,98.99,98.29,90.29,2152100,AXP,0,0
94,2018-05-08,98.78,100.37,98.39,91.35,3199100,AXP,0,1
95,2018-05-09,100.22,100.97,99.49,92.04,2694300,AXP,0,2
96,2018-05-10,100.71,101.87,100.22,92.85,2847600,AXP,0,3
97,2018-05-11,101.49,102.68,101.27,92.89,2522100,AXP,0,4
98,2018-05-14,101.69,102.15,101.11,92.77,2234800,AXP,0,0
99,2018-05-15,100.82,101.23,99.97,92.26,3442300,AXP,0,1
100,2018-05-16,100.28,101.24,100.23,92.13,2135200,AXP,0,2
101,2018-05-17,100.65,101.64,100.3,92.7,2876100,AXP,0,3
102,2018-05-18,100.93,101.33,100.46,92.49,2927600,AXP,0,4
103,2018-05-21,101.57,102.38,101.35,93.45,2084000,AXP,0,0
104,2018-05-22,102.32,103.24,102.08,94.06,2910700,AXP,0,1
105,2018-05-23,101.82,102.25,100.91,93.35,2553900,AXP,0,2
106,2018-05-24,101.69,102.31,100.72,93.43,2230000,AXP,0,3
107,2018-05-25,101.35,101.64,100.47,92.59,1850800,AXP,0,4
108,2018-05-29,99.84,99.84,96.98,89.5,4377800,AXP,0,1
109,2018-05-30,98.85,99.42,97.96,90.66,3076800,AXP,0,2
110,2018-05-31,98.68,99.36,97.8,90.03,2780300,AXP,0,3
111,2018-06-01,99.34,99.61,98.22,89.98,2711200,AXP,0,4
112,2018-06-04,98.81,99.51,98.64,91.08,2417400,AXP,0,0
113,2018-06-05,99.12,99.41,98.43,90.95,1811500,AXP,0,1
114,2018-06-06,100.0,101.0,99.57,92.47,2872700,AXP,0,2
115,2018-06-07,101.44,102.39,100.89,92.94,4245700,AXP,0,3
116,2018-06-08,101.29,101.3,99.59,92.5,3580500,AXP,0,4
117,2018-06-11,101.18,101.67,100.79,92.69,3453000,AXP,0,0
118,2018-06-12,101.5,101.5,100.24,92.25,2426100,AXP,0,1
119,2018-06-13,100.87,100.88,99.96,91.6,3183800,AXP,0,2
120,2018-06-14,100.52,101.1,99.51,91.37,3285500,AXP,0,3
121,2018-06-15,99.22,99.27,97.31,90.23,6741200,AXP,0,4
122,2018-06-18,97.85,98.55,97.31,90.18,3621300,AXP,0,0
123,2018-06-19,97.14,97.93,96.62,88.97,3119600,AXP,0,1
124,2018-06-20,97.7,97.89,96.36,88.31,4495300,AXP,0,2
125,2018-06-21,96.16,96.96,95.76,88.5,3350700,AXP,0,3
126,2018-06-22,97.35,97.96,97.07,89.05,7235400,AXP,0,4
127,2018-06-25,97.05,100.1,95.65,90.25,7996700,AXP,0,0
128,2018-06-26,99.5,99.83,98.07,89.95,5166100,AXP,0,1
129,2018-06-27,98.43,99.41,96.93,88.8,3693700,AXP,0,2
130,2018-06-28,97.01,97.45,96.57,88.81,3142300,AXP,0,3
131,2018-06-29,98.13,99.48,97.65,89.75,4698500,AXP,0,4
132,2018-07-02,97.4,99.04,97.16,90.67,3148700,AXP,0,0
133,2018-07-03,99.31,99.31,97.72,89.61,2041200,AXP,0,1
134,2018-07-05,98.35,98.63,97.63,90.56,2385500,AXP,0,3
135,2018-07-06,98.46,99.03,98.2,90.55,1996600,AXP,0,4
136,2018-07-09,99.26,100.01,99.08,91.83,4991700,AXP,0,0
137,2018-07-10,99.91,100.47,99.57,91.83,4675500,AXP,0,1
138,2018-07-11,99.66,100.8,99.66,92.19,3469600,AXP,0,2
139,2018-07-12,101.03,101.33,100.6,92.97,3688800,AXP,0,3
140,2018-07-13,101.08,101.15,99.62,92.37,3456500,AXP,0,4
141,2018-07-16,100.6,100.88,100.07,92.55,3264800,AXP,0,0
142,2018-07-17,100.78,101.46,100.65,92.97,3092200,AXP,0,1
143,2018-07-18,101.55,103.07,101.42,94.65,5923800,AXP,0,2
144,2018-07-19,100.2,101.37,99.28,92.07,7171100,AXP,0,3
145,2018-07-20,100.13,101.3,99.98,92.05,3325500,AXP,0,4
146,2018-07-23,100.15,101.4,100.01,93.04,2617900,AXP,0,0
147,2018-07-24,101.46,102.09,101.17,93.49,3155100,AXP,0,1
148,2018-07-25,101.23,102.78,101.08,94.33,2549400,AXP,0,2
149,2018-07-26,102.84,103.15,102.36,94.21,2744000,AXP,0,3
150,2018-07-27,102.87,104.24,102.67,95.45,3815800,AXP,0,4
151,2018-07-30,102.73,103.11,100.35,92.7,4423000,AXP,0,0
152,2018-07-31,101.05,101.2,99.44,91.47,4330400,AXP,0,1
153,2018-08-01,99.9,100.93,99.17,91.41,3315400,AXP,0,2
154,2018-08-02,98.9,99.93,98.67,91.67,2481800,AXP,0,3
155,2018-08-03,99.96,100.9,99.7,92.64,1830400,AXP,0,4
156,2018-08-06,100.77,101.32,100.4,92.76,2004600,AXP,0,0
157,2018-08-07,101.49,102.75,101.37,93.73,1852800,AXP,0,1
158,2018-08-08,102.0,102.95,101.81,94.47,2228900,AXP,0,2
159,2018-08-09,102.44,103.32,102.28,94.66,2435500,AXP,0,3
160,2018-08-10,102.09,102.2,101.17,93.37,2473800,AXP,0,4
161,2018-08-13,101.48,102.3,101.4,93.58,3389200,AXP,0,0
162,2018-08-14,101.93,102.6,101.83,93.92,2327100,AXP,0,1
163,2018-08-15,101.57,101.93,100.84,93.3,2219600,AXP,0,2
164,2018-08-16,101.9,103.14,101.87,94.35,2290400,AXP,0,3
165,2018-08-17,102.63,103.31,102.06,94.7,1950800,AXP,0,4
166,2018-08-20,103.02,103.97,102.93,95.44,2267900,AXP,0,0
167,2018-08-21,103.92,105.25,103.76,96.34,3218400,AXP,0,1
168,2018-08-22,104.9,106.26,104.51,97.27,2761300,AXP,0,2
169,2018-08-23,105.54,106.02,105.16,96.85,1866800,AXP,0,3
170,2018-08-24,105.91,106.34,105.45,97.21,1844000,AXP,0,4
171,2018-08-27,106.79,107.33,106.28,98.39,1972000,AXP,0,0
172,2018-08-28,107.06,107.43,106.68,98.61,2275000,AXP,0,1
173,2018-08-29,107.04,107.31,105.89,98.08,1896200,AXP,0,2
174,2018-08-30,106.6,106.67,105.97,97.64,1868300,AXP,0,3
175,2018-08-31,105.52,106.4,105.3,97.41,2115500,AXP,0,4
176,2018-09-04,106.35,107.27,105.58,98.36,2941800,AXP,0,1
177,2018-09-05,107.0,107.25,104.88,97.14,5511800,AXP,0,2
178,2018-09-06,105.5,105.87,104.55,96.88,3623900,AXP,0,3
179,2018-09-07,105.64,106.35,105.35,97.5,2498400,AXP,0,4
180,2018-09-10,106.56,107.8,106.56,98.62,3337000,AXP,0,0
181,2018-09-11,106.71,108.47,106.47,99.55,2795800,AXP,0,1
182,2018-09-12,108.31,108.69,107.66,99.16,4103100,AXP,0,2
183,2018-09-13,108.2,109.19,107.93,99.87,3429600,AXP,0,3
184,2018-09-14,108.84,110.01,108.84,100.7,2999800,AXP,0,4
185,2018-09-17,110.21,110.24,108.94,100.37,2383100,AXP,0,0
186,2018-09-18,109.44,109.87,108.97,100.78,2173200,AXP,0,1
187,2018-09-19,110.0,110.46,109.73,101.2,2365700,AXP,0,2
188,2018-09-20,110.85,111.77,110.65,102.13,2844800,AXP,0,3
189,2018-09-21,111.29,111.51,110.76,101.93,5662900,AXP,0,4
190,2018-09-24,110.74,110.84,109.35,100.97,1871600,AXP,0,0
191,2018-09-25,110.24,110.24,109.38,100.99,1910600,AXP,0,1
192,2018-09-26,110.08,110.11,107.8,99.28,2944200,AXP,0,2
193,2018-09-27,108.01,108.35,107.34,99.13,2121700,AXP,0,3
194,2018-09-28,107.27,107.87,106.28,97.88,3931500,AXP,0,4
195,2018-10-01,107.81,108.99,107.61,99.18,3361300,AXP,0,0
196,2018-10-02,108.01,108.47,107.31,99.63,2223100,AXP,0,1
197,2018-10-03,109.25,109.4,108.25,99.68,2505100,AXP,0,2
198,2018-10-04,108.25,108.85,106.81,99.39,2478700,AXP,0,3
199,2018-10-05,108.06,108.47,106.72,98.92,2399800,AXP,0,4
200,2018-10-08,106.63,107.23,105.57,98.69,2723400,AXP,0,0
201,2018-10-09,106.3,106.93,105.94,98.39,2604400,AXP,0,1
202,2018-10-10,106.96,107.01,103.52,95.54,4555600,AXP,0,2
203,2018-10-11,103.22,104.34,101.55,93.7,6069300,AXP,0,3
204,2018-10-12,104.31,104.92,101.71,95.01,4855900,AXP,0,4
205,2018-10-15,102.85,103.56,102.21,94.66,2780900,AXP,0,0
206,2018-10-16,103.07,104.47,102.69,96.19,3121000,AXP,0,1
207,2018-10-17,104.33,105.29,103.92,96.25,3792400,AXP,0,2
208,2018-10-18,104.53,104.76,102.29,94.87,4538200,AXP,0,3
209,2018-10-19,104.06,107.55,104.06,98.45,5726300,AXP,0,4
210,2018-10-22,106.61,106.96,104.45,96.41,5003100,AXP,0,0
211,2018-10-23,102.41,104.52,101.84,96.29,4223800,AXP,0,1
212,2018-10-24,104.43,104.95,101.51,93.94,4056700,AXP,0,2
213,2018-10-25,102.48,104.17,101.8,95.57,3378900,AXP,0,3
214,2018-10-26,102.54,102.66,100.14,93.4,5395700,AXP,0,4
215,2018-10-29,102.47,103.25,100.04,93.34,4238700,AXP,0,0
216,2018-10-30,101.6,102.39,100.41,94.17,3778200,AXP,0,1
217,2018-10-31,103.06,103.71,102.55,94.76,4511300,AXP,0,2
218,2018-11-01,103.26,104.27,103.02,95.97,2786800,AXP,0,3
219,2018-11-02,104.93,105.05,102.89,95.67,4322200,AXP,0,4
220,2018-11-05,104.04,105.4,103.8,97.05,2697700,AXP,0,0
221,2018-11-06,104.98,105.66,104.37,96.84,2856000,AXP,0,1
222,2018-11-07,105.73,107.48,104.9,98.99,3606900,AXP,0,2
223,2018-11-08,107.03,108.63,107.03,100.09,2896700,AXP,0,3
224,2018-11-09,108.38,109.33,107.35,99.88,4444000,AXP,0,4
225,2018-11-12,108.16,108.44,106.3,98.23,3154600,AXP,0,0
226,2018-11-13,106.65,108.2,106.47,99.5,3021800,AXP,0,1
227,2018-11-14,108.61,109.33,106.89,99.41,4978100,AXP,0,2
228,2018-11-15,106.68,109.7,106.34,101.1,3742600,AXP,0,3
229,2018-11-16,108.58,110.38,108.58,100.97,3486200,AXP,0,4
230,2018-11-19,109.9,110.02,107.42,99.86,3161200,AXP,0,0
231,2018-11-20,107.55,107.9,105.46,97.86,3779000,AXP,0,1
232,2018-11-21,106.37,107.67,106.13,98.24,2791000,AXP,0,2
233,2018-11-23,105.88,106.45,105.31,97.54,938800,AXP,0,4
234,2018-11-26,107.15,109.73,106.83,101.18,4488500,AXP,0,0
235,2018-11-27,109.5,110.36,108.73,101.57,2837900,AXP,0,1
236,2018-11-28,110.33,113.18,110.33,104.14,3995900,AXP,0,2
237,2018-11-29,112.0,112.26,110.48,102.68,4249500,AXP,0,3
238,2018-11-30,110.37,112.45,110.37,103.57,3949500,AXP,0,4
239,2018-12-03,113.99,114.55,112.0,103.65,3399400,AXP,0,0
240,2018-12-04,111.86,112.16,107.54,99.29,5238400,AXP,0,1
241,2018-12-06,105.64,108.39,104.78,99.86,7455200,AXP,0,3
242,2018-12-07,108.2,109.62,105.76,98.41,4419400,AXP,0,4
243,2018-12-10,105.94,106.72,103.5,97.59,4110000,AXP,0,0
244,2018-12-11,107.39,108.01,104.51,97.23,3132200,AXP,0,1
245,2018-12-12,107.27,108.73,106.5,99.15,4183800,AXP,0,2
246,2018-12-13,107.77,108.36,106.33,98.43,3542600,AXP,0,3
247,2018-12-14,105.77,106.45,104.93,97.5,5245400,AXP,0,4
248,2018-12-17,105.46,105.46,100.78,93.34,7345500,AXP,0,0
249,2018-12-18,101.98,102.57,100.47,93.19,5220800,AXP,0,1
250,2018-12-19,99.76,102.0,98.2,91.11,6195600,AXP,0,2
251,2018-12-20,97.91,98.87,95.26,88.34,7110500,AXP,0,3
252,2018-12-21,95.2,96.63,91.15,84.25,11005300,AXP,0,4
253,2018-12-24,90.74,91.55,89.5,82.56,3190900,AXP,0,0
254,2018-12-26,89.85,93.89,89.05,86.56,5383700,AXP,0,2
255,2018-12-27,92.36,94.68,91.26,87.34,4226600,AXP,0,3
256,2018-12-28,95.4,95.65,93.95,87.1,3225100,AXP,0,4
257,2018-12-31,95.13,95.61,94.3,87.93,2821100,AXP,0,0
258,2019-01-02,93.91,96.27,93.77,88.26,4175400,AXP,0,2
259,2019-01-03,94.79,95.18,93.23,86.54,4776600,AXP,0,3
260,2019-01-04,95.37,98.35,94.9,90.44,4637200,AXP,0,4
261,2019-01-07,97.77,98.92,97.02,90.93,3289000,AXP,0,0
262,2019-01-08,98.69,99.52,97.52,91.37,3227200,AXP,0,1
263,2019-01-09,98.74,99.59,98.15,91.54,2954500,AXP,0,2
264,2019-01-10,98.45,98.67,97.82,91.01,3523800,AXP,0,3
265,2019-01-11,97.88,98.68,97.36,91.28,2770600,AXP,0,4
266,2019-01-14,97.76,99.03,97.62,91.18,4120500,AXP,0,0
267,2019-01-15,98.61,98.87,97.74,90.76,5795100,AXP,0,1
268,2019-01-16,98.94,99.96,98.51,92.08,4701900,AXP,0,2
269,2019-01-17,99.41,100.24,98.57,92.15,5693300,AXP,0,3
270,2019-01-18,98.19,100.81,96.37,93.07,9872500,AXP,0,4
271,2019-01-22,99.85,100.68,98.96,92.47,4699800,AXP,0,1
272,2019-01-23,99.93,100.19,98.46,92.36,3585100,AXP,0,2
273,2019-01-24,99.69,100.54,99.38,92.36,3415900,AXP,0,3
274,2019-01-25,100.43,101.59,100.09,93.34,3488300,AXP,0,4
275,2019-01-28,100.05,100.41,99.48,92.98,3185400,AXP,0,0
276,2019-01-29,100.94,101.42,100.54,93.51,2827400,AXP,0,1
277,2019-01-30,101.09,102.85,100.54,95.1,3501500,AXP,0,2
278,2019-01-31,102.0,102.9,101.7,95.13,4302100,AXP,0,3
279,2019-02-01,102.41,103.53,102.41,95.46,4727800,AXP,0,4
280,2019-02-04,103.04,103.46,102.52,95.79,2578300,AXP,0,0
281,2019-02-05,103.63,104.18,103.41,96.24,2231200,AXP,0,1
282,2019-02-06,103.85,105.08,103.43,97.22,3595700,AXP,0,2
283,2019-02-07,104.06,104.78,103.61,96.69,3857300,AXP,0,3
284,2019-02-08,103.73,104.52,103.43,96.81,2581900,AXP,0,4
285,2019-02-11,104.95,105.56,104.81,97.64,2653800,AXP,0,0
286,2019-02-12,106.27,107.43,106.26,99.11,3238600,AXP,0,1
287,2019-02-13,107.55,108.47,107.1,99.63,3182100,AXP,0,2
288,2019-02-14,107.0,107.36,106.24,98.76,2385900,AXP,0,3
289,2019-02-15,107.33,108.09,107.12,99.46,3882300,AXP,0,4
290,2019-02-19,107.05,107.23,106.46,98.64,3692800,AXP,0,1
291,2019-02-20,106.57,107.18,106.5,98.9,3840800,AXP,0,2
292,2019-02-21,106.74,106.95,106.32,98.75,2566500,AXP,0,3
293,2019-02-22,106.98,107.55,106.86,99.52,2256400,AXP,0,4
294,2019-02-25,108.2,108.85,106.76,99.04,3333500,AXP,0,0
295,2019-02-26,106.67,107.62,106.42,99.05,2548100,AXP,0,1
296,2019-02-27,106.86,107.63,106.6,99.5,2393500,AXP,0,2
297,2019-02-28,107.22,108.45,107.08,99.79,3295800,AXP,0,3
298,2019-03-01,108.4,109.65,108.2,100.87,2682000,AXP,0,4
299,2019-03-04,109.56,110.09,107.76,100.96,4053200,AXP,0,0
300,2019-03-05,109.03,109.32,108.32,100.82,2685700,AXP,0,1
301,2019-03-06,108.93,109.45,108.85,100.94,2616000,AXP,0,2
302,2019-03-07,108.56,108.63,107.4,99.9,3048200,AXP,0,3
303,2019-03-08,106.79,108.07,106.68,100.02,2077100,AXP,0,4
304,2019-03-11,109.01,109.79,108.71,101.48,3289200,AXP,0,0
305,2019-03-12,109.74,111.28,109.74,102.28,3917500,AXP,0,1
306,2019-03-13,110.18,112.26,110.09,103.87,4234100,AXP,0,2
307,2019-03-14,112.39,112.78,111.88,104.06,3538200,AXP,0,3
308,2019-03-15,112.71,113.77,112.53,105.15,4780400,AXP,0,4
309,2019-03-18,113.75,114.25,113.16,105.17,2918000,AXP,0,0
310,2019-03-19,114.22,114.22,112.36,104.36,3331300,AXP,0,1
311,2019-03-20,112.26,112.46,110.6,102.6,3309300,AXP,0,2
312,2019-03-21,109.96,112.18,109.81,103.57,3111000,AXP,0,3
313,2019-03-22,111.29,111.32,108.99,101.39,3737400,AXP,0,4
314,2019-03-25,109.28,110.07,108.19,101.0,3596200,AXP,0,0
315,2019-03-26,109.99,110.4,109.05,101.42,2844500,AXP,0,1
316,2019-03-27,109.68,110.0,108.33,100.94,3346600,AXP,0,2
317,2019-03-28,109.42,109.88,108.49,101.11,2693300,AXP,0,3
318,2019-03-29,110.2,110.39,109.14,101.24,4891000,AXP,0,4
319,2019-04-01,110.29,112.04,110.08,103.46,5125100,AXP,0,0
320,2019-04-02,111.21,111.46,110.37,102.81,3568900,AXP,0,1
321,2019-04-03,111.82,112.0,110.35,102.41,3719700,AXP,0,2
322,2019-04-04,110.33,110.49,109.5,102.36,3619600,AXP,0,3
323,2019-04-05,110.48,111.21,110.44,103.14,4553700,AXP,0,4
324,2019-04-08,110.62,110.85,109.92,102.9,4776600,AXP,0,0
325,2019-04-09,110.01,110.31,109.49,102.11,2869300,AXP,0,1
326,2019-04-10,110.48,110.48,109.52,102.4,2650100,AXP,0,2
327,2019-04-11,110.51,110.83,109.42,102.11,2320600,AXP,0,3
328,2019-04-12,110.82,111.55,110.45,103.09,2316900,AXP,0,4
329,2019-04-15,110.92,110.97,110.25,102.74,2285000,AXP,0,0
330,2019-04-16,111.09,112.03,110.94,103.99,2523400,AXP,0,1
331,2019-04-17,112.31,112.5,111.25,103.88,3799900,AXP,0,2
332,2019-04-18,112.25,114.14,111.32,105.66,6186800,AXP,0,3
333,2019-04-22,112.6,113.4,112.23,104.41,3174400,AXP,0,0
334,2019-04-23,112.19,114.04,111.9,105.94,3342800,AXP,0,1
335,2019-04-24,113.76,114.36,113.42,105.98,2318400,AXP,0,2
336,2019-04-25,115.23,116.5,114.75,107.71,4595200,AXP,0,3
337,2019-04-26,116.59,117.73,116.1,109.31,2990600,AXP,0,4
338,2019-04-29,117.24,117.7,116.55,108.53,3096200,AXP,0,0
339,2019-04-30,117.05,117.35,116.1,108.97,2387900,AXP,0,1
340,2019-05-01,117.47,117.99,116.93,108.77,2450500,AXP,0,2
341,2019-05-02,117.0,117.65,116.68,108.99,2538700,AXP,0,3
342,2019-05-03,117.91,119.66,117.63,110.94,2856200,AXP,0,4
343,2019-05-06,117.26,119.61,117.05,110.93,2924500,AXP,0,0
344,2019-05-07,118.37,119.41,117.65,109.89,6282300,AXP,0,1
345,2019-05-08,117.83,118.11,116.82,109.21,4037500,AXP,0,2
346,2019-05-09,116.15,117.29,115.38,109.0,3219600,AXP,0,3
347,2019-05-10,116.86,118.93,116.21,110.11,2435100,AXP,0,4
348,2019-05-13,116.42,116.89,115.62,107.73,3710600,AXP,0,0
349,2019-05-14,115.98,117.73,115.77,108.76,2460700,AXP,0,1
350,2019-05-15,116.18,118.23,115.9,109.37,2711400,AXP,0,2
351,2019-05-16,117.77,120.35,117.77,111.39,4143500,AXP,0,3
352,2019-05-17,118.6,119.59,118.51,110.68,5273600,AXP,0,4
353,2019-05-20,118.83,120.32,118.62,111.39,2765600,AXP,0,0
354,2019-05-21,120.47,120.68,119.34,112.05,3369100,AXP,0,1
355,2019-05-22,120.36,120.88,119.44,111.55,2941100,AXP,0,2
356,2019-05-23,119.27,119.4,117.85,110.08,3290200,AXP,0,3
357,2019-05-24,119.21,119.63,118.33,111.09,2240100,AXP,0,4
358,2019-05-28,119.36,120.12,118.17,109.84,2550300,AXP,0,1
359,2019-05-29,117.71,117.81,116.04,108.76,2553900,AXP,0,2
360,2019-05-30,117.21,117.31,116.11,108.51,1882400,AXP,0,3
361,2019-05-31,115.77,115.98,114.56,106.63,2969100,AXP,0,4
362,2019-06-03,114.56,115.93,113.89,106.54,2968500,AXP,0,0
363,2019-06-04,115.71,117.0,115.23,108.61,3043200,AXP,0,1
364,2019-06-05,117.18,118.24,117.01,109.8,2568100,AXP,0,2
365,2019-06-06,118.42,119.64,118.15,111.01,2209300,AXP,0,3
366,2019-06-07,119.87,121.36,119.56,112.57,2481800,AXP,0,4
367,2019-06-10,121.6,123.45,121.41,114.02,3453700,AXP,0,0
368,2019-06-11,123.55,124.74,123.08,114.54,3303800,AXP,0,1
369,2019-06-12,122.92,123.19,121.59,113.43,2685700,AXP,0,2
370,2019-06-13,122.09,122.7,121.42,113.27,2343900,AXP,0,3
371,2019-06-14,122.01,122.61,120.94,113.4,2483800,AXP,0,4
372,2019-06-17,122.24,122.24,121.3,112.89,2094200,AXP,0,0
373,2019-06-18,122.81,125.05,122.21,114.73,2729200,AXP,0,1
374,2019-06-19,124.24,124.92,123.68,115.89,2951700,AXP,0,2
375,2019-06-20,125.69,126.4,124.47,116.12,3303200,AXP,0,3
376,2019-06-21,125.2,126.31,124.56,115.94,5703800,AXP,0,4
377,2019-06-24,124.98,125.42,124.01,115.39,2680900,AXP,0,0
378,2019-06-25,124.27,124.57,123.04,114.48,2387800,AXP,0,1
379,2019-06-26,123.18,124.0,123.03,114.88,1902500,AXP,0,2
380,2019-06-27,123.69,124.41,123.56,115.2,1504300,AXP,0,3
381,2019-06-28,124.29,124.55,123.2,114.74,4338900,AXP,0,4
382,2019-07-01,125.3,126.4,124.55,116.12,4008800,AXP,0,0
383,2019-07-02,124.78,125.33,124.6,116.28,4076100,AXP,0,1
384,2019-07-03,125.21,126.05,124.94,117.36,3714300,AXP,0,2
385,2019-07-05,126.13,126.19,124.31,116.93,3731500,AXP,0,4
386,2019-07-08,124.99,125.23,124.64,116.41,3332000,AXP,0,0
387,2019-07-09,124.27,126.04,124.18,117.39,2237100,AXP,0,1
388,2019-07-10,126.7,128.42,126.7,118.32,2733800,AXP,0,2
389,2019-07-11,126.98,127.69,126.44,118.68,2928100,AXP,0,3
390,2019-07-12,127.55,128.0,126.87,119.31,1639400,AXP,0,4
391,2019-07-15,128.25,128.68,127.76,119.88,2355700,AXP,0,0
392,2019-07-16,129.22,129.34,127.8,119.41,2734000,AXP,0,1
393,2019-07-17,128.02,128.64,127.01,118.49,2248900,AXP,0,2
394,2019-07-18,126.69,129.09,126.66,119.72,3524500,AXP,0,3
395,2019-07-19,126.8,128.0,123.8,116.39,7819000,AXP,0,4
396,2019-07-22,124.75,126.01,124.7,117.49,4839700,AXP,0,0
397,2019-07-23,126.38,128.98,126.36,119.54,4055100,AXP,0,1
398,2019-07-24,127.71,128.22,126.79,119.3,3628300,AXP,0,2
399,2019-07-25,127.81,128.19,126.5,118.56,2663500,AXP,0,3
400,2019-07-26,127.09,127.56,126.3,118.21,4236200,AXP,0,4
401,2019-07-29,126.91,127.46,126.54,118.6,1829500,AXP,0,0
402,2019-07-30,126.57,126.91,126.3,117.92,1575400,AXP,0,1
403,2019-07-31,126.53,126.59,123.62,115.97,3221000,AXP,0,2
404,2019-08-01,123.77,126.13,123.52,115.7,4489800,AXP,0,3
405,2019-08-02,123.92,124.91,123.08,115.91,3268800,AXP,0,4
406,2019-08-05,122.46,123.08,120.16,112.56,5876200,AXP,0,0
407,2019-08-06,121.06,122.85,120.87,114.27,3497000,AXP,0,1
408,2019-08-07,120.92,123.85,120.22,115.19,3170800,AXP,0,2
409,2019-08-08,123.85,125.7,123.7,116.82,2976100,AXP,0,3
410,2019-08-09,125.58,126.74,124.72,117.64,2138300,AXP,0,4
411,2019-08-12,124.99,125.71,123.8,115.57,2918000,AXP,0,0
412,2019-08-13,123.86,126.5,122.51,117.78,3175700,AXP,0,1
413,2019-08-14,124.35,125.33,122.13,114.36,5626300,AXP,0,2
414,2019-08-15,122.65,123.0,121.14,114.11,3031700,AXP,0,3
415,2019-08-16,123.5,124.75,122.69,116.21,2343400,AXP,0,4
416,2019-08-19,126.1,126.15,124.34,115.99,3286700,AXP,0,0
417,2019-08-20,123.63,123.78,121.34,113.22,3641600,AXP,0,1
418,2019-08-21,122.5,123.06,121.99,114.22,2948300,AXP,0,2
419,2019-08-22,123.31,123.71,121.77,114.01,2322100,AXP,0,3
420,2019-08-23,122.0,122.05,117.06,109.8,4800400,AXP,0,4
421,2019-08-26,118.33,118.94,117.38,110.52,3170600,AXP,0,0
422,2019-08-27,119.09,119.34,116.85,109.79,3145800,AXP,0,1
423,2019-08-28,117.03,119.31,116.97,111.04,2327400,AXP,0,2
424,2019-08-29,120.46,121.2,119.96,112.58,1901300,AXP,0,3
425,2019-08-30,121.47,121.66,119.82,112.24,2366200,AXP,0,4
426,2019-09-03,119.86,120.28,117.52,109.65,3198700,AXP,0,1
427,2019-09-04,118.42,118.73,117.8,110.4,3746900,AXP,0,2
428,2019-09-05,119.5,121.63,119.5,112.52,5261100,AXP,0,3
429,2019-09-06,121.14,121.19,120.0,112.07,4552400,AXP,0,4
430,2019-09-09,121.21,121.41,119.52,111.82,5336000,AXP,0,0
431,2019-09-10,119.6,119.61,116.3,109.38,6196100,AXP,0,1
432,2019-09-11,117.12,118.1,116.75,110.03,3674400,AXP,0,2
433,2019-09-12,119.0,120.43,118.78,110.98,3733500,AXP,0,3
434,2019-09-13,119.24,119.97,118.29,111.15,3941100,AXP,0,4
435,2019-09-16,118.14,118.44,116.68,109.69,4280600,AXP,0,0
436,2019-09-17,117.9,119.13,117.5,111.01,3054700,AXP,0,1
437,2019-09-18,118.59,118.8,117.47,110.72,2844500,AXP,0,2
438,2019-09-19,118.61,119.52,117.6,109.83,1975800,AXP,0,3
439,2019-09-20,117.83,118.24,116.37,108.91,5301500,AXP,0,4
440,2019-09-23,116.36,118.42,116.1,110.25,5089400,AXP,0,0
441,2019-09-24,118.89,120.2,117.52,110.18,5128400,AXP,0,1
442,2019-09-25,117.86,119.44,117.06,111.07,2742900,AXP,0,2
443,2019-09-26,119.31,120.03,118.84,110.87,3411200,AXP,0,3
444,2019-09-27,119.13,119.62,117.98,110.58,2909200,AXP,0,4
445,2019-09-30,119.05,119.24,118.14,110.29,2345800,AXP,0,0
446,2019-10-01,118.7,119.5,116.61,108.81,2841300,AXP,0,1
447,2019-10-02,115.76,115.81,112.75,105.23,4908800,AXP,0,2
448,2019-10-03,112.2,112.96,111.06,105.35,3529300,AXP,0,3
449,2019-10-04,112.66,114.53,112.6,107.09,2728200,AXP,0,4
450,2019-10-07,113.91,114.65,113.6,106.38,2556000,AXP,0,0
451,2019-10-08,112.83,113.65,112.05,105.34,3757300,AXP,0,1
452,2019-10-09,113.25,114.77,113.23,106.63,2365600,AXP,0,2
453,2019-10-10,114.81,115.79,113.93,107.66,2384300,AXP,0,3
454,2019-10-11,116.74,117.57,116.19,108.95,2860400,AXP,0,4
455,2019-10-14,116.14,117.0,115.94,108.94,1864400,AXP,0,0
456,2019-10-15,117.03,118.19,116.73,110.06,2379700,AXP,0,1
457,2019-10-16,117.63,117.99,117.07,109.9,2136700,AXP,0,2
458,2019-10-17,118.01,119.33,117.96,111.48,3005500,AXP,0,3
459,2019-10-18,119.73,119.98,116.67,109.29,6188500,AXP,0,4
460,2019-10-21,117.55,119.38,117.49,111.43,4259500,AXP,0,0
461,2019-10-22,118.67,119.35,118.29,111.02,3912100,AXP,0,1
462,2019-10-23,118.42,119.23,115.51,109.03,3921100,AXP,0,2
463,2019-10-24,116.44,116.9,116.14,108.96,2551300,AXP,0,3
464,2019-10-25,116.36,118.51,116.27,110.69,2325000,AXP,0,4
465,2019-10-28,118.64,119.3,118.07,110.99,2552700,AXP,0,0
466,2019-10-29,118.09,118.83,117.08,109.9,2756300,AXP,0,1
467,2019-10-30,117.44,118.17,116.86,110.51,2264400,AXP,0,2
468,2019-10-31,117.79,118.21,116.89,109.77,2507400,AXP,0,3
469,2019-11-01,118.41,119.45,118.17,111.51,2036600,AXP,0,4
470,2019-11-04,119.62,120.5,119.01,111.96,1956400,AXP,0,0
471,2019-11-05,119.84,119.96,117.76,111.17,2630000,AXP,0,1
472,2019-11-06,118.89,119.72,118.89,112.03,2420700,AXP,0,2
473,2019-11-07,120.27,122.43,120.1,113.52,2845000,AXP,0,3
474,2019-11-08,121.01,121.81,120.89,113.7,1984600,AXP,0,4
475,2019-11-11,120.76,121.81,120.51,113.16,1704100,AXP,0,0
476,2019-11-12,120.87,121.23,120.41,113.15,2012400,AXP,0,1
477,2019-11-13,120.27,120.97,120.13,112.56,1807900,AXP,0,2
478,2019-11-14,120.0,120.98,119.8,113.19,1990600,AXP,0,3
479,2019-11-15,120.98,121.33,120.39,113.03,2341500,AXP,0,4
480,2019-11-18,120.56,120.85,119.4,112.0,2617900,AXP,0,0
481,2019-11-19,120.01,120.45,119.86,112.32,1891000,AXP,0,1
482,2019-11-20,119.83,120.23,118.93,111.66,2544100,AXP,0,2
483,2019-11-21,119.29,119.47,118.49,111.2,2783800,AXP,0,3
484,2019-11-22,119.21,119.29,118.41,111.44,1629700,AXP,0,4
485,2019-11-25,119.14,120.6,119.14,112.88,2285400,AXP,0,0
486,2019-11-26,120.91,121.04,119.6,112.12,4596200,AXP,0,1
487,2019-11-27,120.0,120.36,119.35,112.63,2629700,AXP,0,2
488,2019-11-29,120.07,120.89,119.78,112.43,1961500,AXP,0,4
489,2019-12-02,120.31,120.36,117.07,109.75,5538200,AXP,0,0
490,2019-12-03,116.04,116.75,114.65,109.11,3792300,AXP,0,1
491,2019-12-04,117.31,118.54,117.0,110.39,2444100,AXP,0,2
492,2019-12-05,117.91,118.43,117.59,110.71,3128300,AXP,0,3
493,2019-12-06,120.21,121.44,119.91,112.89,3287600,AXP,0,4
494,2019-12-09,120.44,121.53,120.11,112.75,2885200,AXP,0,0
495,2019-12-10,120.45,121.47,120.03,113.16,2518200,AXP,0,1
496,2019-12-11,120.88,121.38,120.1,112.92,2015300,AXP,0,2
497,2019-12-12,120.6,123.07,120.05,114.79,2933800,AXP,0,3
498,2019-12-13,122.47,124.99,122.08,116.74,3919000,AXP,0,4
499,2019-12-16,125.65,126.33,123.34,115.76,3416100,AXP,0,0
500,2019-12-17,123.99,125.4,123.25,116.95,4325200,AXP,0,1
501,2019-12-18,125.03,125.07,124.08,116.31,3154200,AXP,0,2
502,2019-12-19,124.18,124.9,123.88,116.84,2543600,AXP,0,3
503,2019-12-20,125.86,126.28,124.83,117.72,5828700,AXP,0,4
504,2019-12-23,125.74,125.74,123.7,116.52,3031400,AXP,0,0
505,2019-12-24,124.95,125.33,124.38,116.76,953500,AXP,0,1
506,2019-12-26,124.98,125.44,124.53,117.38,1486600,AXP,0,3
507,2019-12-27,125.84,125.97,125.11,117.18,1788600,AXP,0,4
508,2019-12-30,125.2,125.46,124.18,116.34,2306500,AXP,0,0
509,2019-12-31,124.29,124.57,123.78,116.52,2340400,AXP,0,1
510,2020-01-02,124.66,126.27,124.23,118.2,2708000,AXP,0,3
511,2020-01-03,124.32,125.1,123.94,117.03,2090600,AXP,0,4
512,2020-01-06,123.37,124.16,123.12,116.52,2855200,AXP,0,0
513,2020-01-07,123.47,124.4,123.36,115.91,2042300,AXP,0,1
514,2020-01-08,124.05,126.36,123.8,117.91,3458200,AXP,0,2
515,2020-01-09,126.49,127.88,126.39,120.04,2787100,AXP,0,3
516,2020-01-10,127.58,128.17,126.92,119.55,2789200,AXP,0,4
517,2020-01-13,127.84,128.95,127.63,120.73,3285700,AXP,0,0
518,2020-01-14,128.62,130.09,128.34,120.97,3836000,AXP,0,1
519,2020-01-15,128.69,129.84,128.45,121.93,3187200,AXP,0,2
520,2020-01-16,130.5,130.93,129.71,122.62,2424500,AXP,0,3
521,2020-01-17,131.45,131.86,130.79,123.53,3659400,AXP,0,4
522,2020-01-21,131.11,131.82,130.39,122.6,3102700,AXP,0,1
523,2020-01-22,130.93,132.27,130.93,123.5,2483800,AXP,0,2
524,2020-01-23,131.26,131.57,130.14,123.39,3841000,AXP,0,3
525,2020-01-24,136.36,138.13,133.85,126.9,8612500,AXP,0,4
526,2020-01-27,131.15,131.98,128.87,122.7,6432400,AXP,0,0
527,2020-01-28,132.0,133.87,131.14,124.4,3712700,AXP,0,1
528,2020-01-29,132.48,133.13,131.44,123.68,2518400,AXP,0,2
529,2020-01-30,130.75,133.33,130.44,125.13,2428500,AXP,0,3
530,2020-01-31,132.17,132.25,129.38,121.98,3522600,AXP,0,4
531,2020-02-03,130.55,132.22,130.45,123.04,2721900,AXP,0,0
532,2020-02-04,132.88,133.34,131.72,123.84,2547500,AXP,0,1
533,2020-02-05,133.43,133.8,131.29,125.48,4084500,AXP,0,2
534,2020-02-06,134.16,134.35,133.11,125.15,1708600,AXP,0,3
535,2020-02-07,132.57,132.75,131.34,123.81,2885600,AXP,0,4
536,2020-02-10,131.61,132.5,131.35,124.2,1816500,AXP,0,0
537,2020-02-11,133.03,133.65,132.32,124.57,1733300,AXP,0,1
538,2020-02-12,133.39,133.72,132.53,125.14,1715400,AXP,0,2
539,2020-02-13,133.15,134.67,133.06,126.29,3178300,AXP,0,3
540,2020-02-14,134.71,136.37,134.53,127.61,2360300,AXP,0,4
541,2020-02-18,135.87,136.75,134.94,127.36,2428200,AXP,0,1
542,2020-02-19,136.3,137.42,136.12,128.61,1785000,AXP,0,2
543,2020-02-20,136.41,138.04,134.9,128.28,2541700,AXP,0,3
544,2020-02-21,136.2,136.27,133.89,126.7,3106100,AXP,0,4
545,2020-02-24,129.43,130.96,127.23,120.4,6329300,AXP,0,0
546,2020-02-25,127.71,127.99,119.91,113.55,7628100,AXP,0,1
547,2020-02-26,121.27,122.43,118.47,111.3,5268000,AXP,0,2
548,2020-02-27,115.9,117.48,112.78,105.96,8279800,AXP,0,3
549,2020-02-28,109.05,111.03,107.0,103.25,11362100,AXP,0,4
550,2020-03-02,111.11,113.99,108.59,106.95,9851600,AXP,0,0
551,2020-03-03,115.02,116.4,107.0,101.45,9285000,AXP,0,1
552,2020-03-04,110.25,115.79,109.25,108.67,7470900,AXP,0,2
553,2020-03-05,111.62,112.59,109.7,104.2,12060600,AXP,0,3
554,2020-03-06,105.73,108.77,103.79,101.66,9897700,AXP,0,4
555,2020-03-09,100.87,101.44,96.94,92.32,12266300,AXP,0,0
556,2020-03-10,101.93,103.37,97.45,97.02,9793200,AXP,0,1
557,2020-03-11,100.3,100.96,93.87,89.58,8822900,AXP,0,2
558,2020-03-12,87.66,89.61,81.81,78.45,12206600,AXP,0,3
559,2020-03-13,90.38,100.08,84.3,93.55,12680400,AXP,0,4
560,2020-03-16,82.44,93.18,80.37,80.65,15072400,AXP,0,0
561,2020-03-17,87.61,88.94,83.22,81.32,10512200,AXP,0,1
562,2020-03-18,80.02,81.52,67.0,69.27,14359300,AXP,0,2
563,2020-03-19,72.54,77.89,69.79,72.39,12330400,AXP,0,3
564,2020-03-20,78.98,82.44,72.56,69.62,12208600,AXP,0,4
565,2020-03-23,72.82,75.42,68.12,64.77,8907600,AXP,0,0
566,2020-03-24,73.51,84.77,71.7,78.94,10593900,AXP,0,1
567,2020-03-25,87.61,96.46,85.32,84.69,11046500,AXP,0,2
568,2020-03-26,92.24,99.69,90.84,87.62,9459400,AXP,0,3
569,2020-03-27,87.94,91.97,85.82,83.34,6999800,AXP,0,4
570,2020-03-30,88.51,91.39,85.27,84.79,5565000,AXP,0,0
571,2020-03-31,89.94,90.9,85.07,80.41,6075900,AXP,0,1
572,2020-04-01,80.65,81.31,77.0,73.11,8313400,AXP,0,2
573,2020-04-02,77.06,79.12,75.83,72.4,8338100,AXP,0,3
574,2020-04-03,76.0,76.66,72.61,69.51,10023100,AXP,0,4
575,2020-04-06,80.22,84.25,78.74,79.21,11253000,AXP,0,0
576,2020-04-07,91.43,93.3,87.42,82.72,8693200,AXP,0,1
577,2020-04-08,89.21,93.0,88.12,86.97,6122800,AXP,0,2
578,2020-04-09,94.59,97.85,93.46,89.55,6902500,AXP,0,3
579,2020-04-13,93.29,93.42,87.94,85.31,5037700,AXP,0,0
580,2020-04-14,91.46,92.5,85.91,83.48,8703200,AXP,0,1
581,2020-04-15,83.43,85.4,80.68,79.14,10415600,AXP,0,2
582,2020-04-16,83.79,83.94,80.33,76.83,7526600,AXP,0,3
583,2020-04-17,85.32,87.39,84.28,82.54,8269000,AXP,0,4
584,2020-04-20,84.59,85.27,82.69,79.34,6140400,AXP,0,0
585,2020-04-21,80.73,82.46,79.47,76.99,7360300,AXP,0,1
586,2020-04-22,83.6,83.66,81.97,77.96,5130300,AXP,0,2
587,2020-04-23,83.24,84.78,81.71,77.88,5807200,AXP,0,3
588,2020-04-24,84.13,84.78,81.31,78.55,9125400,AXP,0,4
589,2020-04-27,83.47,85.15,82.34,80.34,7785000,AXP,0,0
590,2020-04-28,87.56,88.96,86.21,83.29,7165900,AXP,0,1
591,2020-04-29,91.75,96.39,90.89,90.78,9396500,AXP,0,2
592,2020-04-30,93.75,94.31,91.17,86.18,6553700,AXP,0,3
593,2020-05-01,88.1,89.07,87.16,83.41,4620200,AXP,0,4
594,2020-05-04,86.09,87.37,85.02,81.58,4875400,AXP,0,0
595,2020-05-05,88.0,88.73,86.36,81.92,4410300,AXP,0,1
596,2020-05-06,87.49,87.76,83.86,79.33,4723400,AXP,0,2
597,2020-05-07,85.3,87.37,84.93,81.91,4627600,AXP,0,3
598,2020-05-08,88.5,89.66,87.55,84.53,3913100,AXP,0,4
599,2020-05-11,87.5,87.65,85.3,80.59,5917600,AXP,0,0
600,2020-05-12,86.1,87.26,83.1,78.52,5504900,AXP,0,1
601,2020-05-13,82.0,82.13,77.4,73.7,10681600,AXP,0,2
602,2020-05-14,76.92,83.9,76.0,79.15,10625100,AXP,0,3
603,2020-05-15,82.47,83.39,81.22,77.65,6618600,AXP,0,4
604,2020-05-18,86.72,89.0,85.92,83.5,7781700,AXP,0,0
605,2020-05-19,88.42,89.84,86.61,82.41,4920600,AXP,0,1
606,2020-05-20,89.18,91.34,88.77,85.69,5218500,AXP,0,2
607,2020-05-21,90.11,91.43,89.12,84.84,6241900,AXP,0,3
608,2020-05-22,89.71,89.95,88.21,84.37,3734500,AXP,0,4
609,2020-05-26,93.94,95.57,92.89,89.08,6559400,AXP,0,1
610,2020-05-27,100.0,101.69,96.8,95.61,11007700,AXP,0,2
611,2020-05-28,101.54,102.46,98.01,92.61,9268200,AXP,0,3
612,2020-05-29,95.5,97.11,94.66,89.79,7710900,AXP,0,4
613,2020-06-01,95.56,98.07,94.56,91.38,4269500,AXP,0,0
614,2020-06-02,98.6,100.49,98.17,93.57,5433800,AXP,0,1
615,2020-06-03,102.78,105.87,101.63,99.55,7301000,AXP,0,2
616,2020-06-04,103.47,107.43,103.23,100.62,5841600,AXP,0,3
617,2020-06-05,114.11,115.93,108.07,103.64,10097600,AXP,0,4
618,2020-06-08,111.91,113.71,110.64,107.36,6795200,AXP,0,0
619,2020-06-09,110.08,111.8,108.67,104.32,5517400,AXP,0,1
620,2020-06-10,110.0,110.33,105.96,100.26,5747400,AXP,0,2
621,2020-06-11,100.87,102.99,98.13,93.12,8601200,AXP,0,3
622,2020-06-12,103.21,103.5,98.08,96.03,7251100,AXP,0,4
623,2020-06-15,100.0,104.74,97.62,98.18,6472400,AXP,0,0
624,2020-06-16,109.02,109.06,102.86,99.75,6706000,AXP,0,1
625,2020-06-17,105.67,106.12,103.83,98.19,4408200,AXP,0,2
626,2020-06-18,102.14,103.49,101.27,96.49,3645700,AXP,0,3
627,2020-06-19,104.23,104.23,99.32,95.33,7589500,AXP,0,4
628,2020-06-22,98.0,100.5,97.95,93.92,4799900,AXP,0,0
629,2020-06-23,100.94,101.65,99.25,93.9,4364800,AXP,0,1
630,2020-06-24,97.65,98.27,95.0,90.18,5958300,AXP,0,2
631,2020-06-25,94.61,98.12,93.76,92.41,5195400,AXP,0,3
632,2020-06-26,95.93,96.3,92.45,88.23,10489400,AXP,0,4
633,2020-06-29,94.44,95.41,93.34,89.27,4962400,AXP,0,0
634,2020-06-30,94.16,95.6,93.57,89.91,4367100,AXP,0,1
635,2020-07-01,95.25,96.96,93.64,89.23,3301000,AXP,0,2
636,2020-07-02,96.77,97.29,93.85,89.49,4239700,AXP,0,3
637,2020-07-06,96.51,97.9,95.84,91.63,4059600,AXP,0,0
638,2020-07-07,95.44,95.52,92.63,88.24,5564200,AXP,0,1
639,2020-07-08,91.97,93.1,90.71,88.14,6382100,AXP,0,2
640,2020-07-09,92.51,93.21,89.58,85.93,4484500,AXP,0,3
641,2020-07-10,90.32,93.31,89.82,88.45,4400900,AXP,0,4
642,2020-07-13,94.24,95.76,92.78,88.76,4819700,AXP,0,0
643,2020-07-14,93.19,95.22,92.29,89.98,4044400,AXP,0,1
644,2020-07-15,96.66,97.78,96.39,92.37,5405600,AXP,0,2
645,2020-07-16,96.5,97.79,95.67,91.38,2666000,AXP,0,3
646,2020-07-17,96.35,96.53,95.01,90.3,2861600,AXP,0,4
647,2020-07-20,94.8,95.36,93.58,89.18,3560100,AXP,0,0
648,2020-07-21,95.25,97.46,94.73,91.39,4227100,AXP,0,1
649,2020-07-22,95.81,97.41,95.38,91.59,4360300,AXP,0,2
650,2020-07-23,95.51,97.78,95.51,91.71,4239800,AXP,0,3
651,2020-07-24,95.3,97.15,93.3,90.44,4790300,AXP,0,4
652,2020-07-27,94.64,95.98,93.64,90.88,3501800,AXP,0,0
653,2020-07-28,95.76,96.29,94.18,89.58,3567400,AXP,0,1
654,2020-07-29,94.71,96.75,94.44,91.73,2791700,AXP,0,2
655,2020-07-30,94.68,94.78,92.5,89.8,3856300,AXP,0,3
656,2020-07-31,94.31,94.45,92.23,88.54,4088200,AXP,0,4
657,2020-08-03,93.31,94.4,92.44,88.75,2869000,AXP,0,0
658,2020-08-04,93.49,93.8,92.49,88.41,2415100,AXP,0,1
659,2020-08-05,93.82,95.58,93.81,90.5,2844900,AXP,0,2
660,2020-08-06,95.18,96.27,94.48,91.0,2698800,AXP,0,3
661,2020-08-07,95.29,99.3,94.95,94.08,4690700,AXP,0,4
662,2020-08-10,99.49,102.65,99.26,96.41,5254800,AXP,0,0
663,2020-08-11,103.99,105.7,102.96,97.97,4744000,AXP,0,1
664,2020-08-12,104.76,104.8,100.68,96.47,3407800,AXP,0,2
665,2020-08-13,100.53,101.83,99.5,95.27,3265400,AXP,0,3
666,2020-08-14,99.66,101.29,99.27,95.26,1956500,AXP,0,4
667,2020-08-17,99.92,100.0,97.44,92.55,7488500,AXP,0,0
668,2020-08-18,98.19,98.83,96.47,91.71,3337300,AXP,0,1
669,2020-08-19,96.82,97.91,95.89,91.92,3079600,AXP,0,2
670,2020-08-20,95.74,97.58,95.68,91.76,3102500,AXP,0,3
671,2020-08-21,96.49,97.65,95.96,91.22,2845100,AXP,0,4
672,2020-08-24,96.68,99.37,96.39,94.24,4141100,AXP,0,0
673,2020-08-25,100.62,100.79,98.03,93.97,2946600,AXP,0,1
674,2020-08-26,98.56,99.14,97.81,93.36,2936500,AXP,0,2
675,2020-08-27,98.76,102.14,98.53,96.33,3992100,AXP,0,3
676,2020-08-28,102.15,102.9,100.74,97.28,4382900,AXP,0,4
677,2020-08-31,102.9,102.9,101.36,96.38,4665800,AXP,0,0
678,2020-09-01,100.54,102.78,100.16,97.22,3142500,AXP,0,1
679,2020-09-02,102.58,104.87,102.29,99.05,3536900,AXP,0,2
680,2020-09-03,104.97,109.03,103.85,99.11,6747900,AXP,0,3
681,2020-09-04,106.35,108.28,104.48,100.25,5235100,AXP,0,4
682,2020-09-08,104.42,105.08,103.3,98.36,4517000,AXP,0,1
683,2020-09-09,104.57,104.71,102.69,98.46,2474700,AXP,0,2
684,2020-09-10,104.19,105.11,102.31,97.5,3288900,AXP,0,3
685,2020-09-11,102.91,103.85,102.01,98.06,2604400,AXP,0,4
686,2020-09-14,104.65,107.69,104.22,101.77,3620100,AXP,0,0
687,2020-09-15,107.84,108.12,106.24,101.21,3371500,AXP,0,1
688,2020-09-16,106.73,107.49,104.69,100.55,5798900,AXP,0,2
689,2020-09-17,104.27,105.35,103.32,99.3,3215300,AXP,0,3
690,2020-09-18,104.46,106.12,103.31,98.14,6630300,AXP,0,4
691,2020-09-21,100.6,100.63,96.22,93.14,8339900,AXP,0,0
692,2020-09-22,98.01,99.78,96.41,93.43,4884400,AXP,0,1
693,2020-09-23,95.76,97.1,95.09,90.66,9427200,AXP,0,2
694,2020-09-24,95.34,96.9,93.71,90.56,4249000,AXP,0,3
695,2020-09-25,94.68,96.85,94.46,91.33,2775600,AXP,0,4
696,2020-09-28,99.0,99.73,98.63,93.75,3930900,AXP,0,0
697,2020-09-29,98.74,99.35,97.23,92.74,3200400,AXP,0,1
698,2020-09-30,98.23,101.52,98.23,95.11,5060900,AXP,0,2
699,2020-10-01,100.33,101.48,99.37,96.14,4179300,AXP,0,3
700,2020-10-02,99.78,103.14,98.63,96.4,3783300,AXP,0,4
701,2020-10-05,103.33,104.08,102.27,98.56,2863200,AXP,0,0
702,2020-10-06,105.01,105.29,101.32,96.54,3309200,AXP,0,1
703,2020-10-07,102.81,104.15,102.39,98.08,3048400,AXP,0,2
704,2020-10-08,104.33,106.14,104.06,101.04,2922600,AXP,0,3
705,2020-10-09,105.99,107.21,105.24,101.31,3511300,AXP,0,4
706,2020-10-12,106.46,107.01,106.0,101.57,2626700,AXP,0,0
707,2020-10-13,105.89,106.59,104.76,100.04,2602600,AXP,0,1
708,2020-10-14,105.38,106.27,104.76,99.85,2826300,AXP,0,2
709,2020-10-15,103.44,104.89,103.02,99.49,2699300,AXP,0,3
710,2020-10-16,104.65,105.68,104.2,99.95,2394300,AXP,0,4
711,2020-10-19,105.13,105.22,102.25,97.62,3196500,AXP,0,0
712,2020-10-20,102.94,104.61,102.83,98.26,2954700,AXP,0,1
713,2020-10-21,103.17,103.39,101.36,96.63,2588400,AXP,0,2
714,2020-10-22,101.7,104.86,101.57,99.83,3748800,AXP,0,3
715,2020-10-23,100.63,103.64,100.0,96.2,8921200,AXP,0,4
716,2020-10-26,99.77,100.1,95.78,92.3,5731500,AXP,0,0
717,2020-10-27,97.62,97.7,94.9,90.44,3780300,AXP,0,1
718,2020-10-28,91.96,93.57,91.0,87.27,7037800,AXP,0,2
719,2020-10-29,91.41,92.23,90.13,86.76,5419500,AXP,0,3
720,2020-10-30,90.8,91.32,89.11,86.92,4736300,AXP,0,4
721,2020-11-02,92.96,94.13,92.27,88.98,3572900,AXP,0,0
722,2020-11-03,94.75,96.85,94.4,91.74,4004300,AXP,0,1
723,2020-11-04,94.0,97.82,92.86,91.84,4545500,AXP,0,2
724,2020-11-05,97.21,98.32,96.84,93.47,4197300,AXP,0,3
725,2020-11-06,98.52,98.64,96.27,92.12,3126300,AXP,0,4
726,2020-11-09,110.54,119.81,110.19,111.82,17261700,AXP,0,0
727,2020-11-10,118.59,119.89,115.12,110.47,7056800,AXP,0,1
728,2020-11-11,115.93,116.0,110.3,105.86,5642700,AXP,0,2
729,2020-11-12,109.82,112.12,109.55,105.85,4941200,AXP,0,3
730,2020-11-13,112.34,115.64,112.21,109.55,4811500,AXP,0,4
731,2020-11-16,119.1,120.39,116.75,113.06,5339100,AXP,0,0
732,2020-11-17,116.97,117.79,114.14,110.97,4023200,AXP,0,1
733,2020-11-18,116.94,118.76,114.19,108.84,3264300,AXP,0,2
734,2020-11-19,113.78,114.8,112.53,108.74,3249800,AXP,0,3
735,2020-11-20,113.74,114.54,111.9,107.26,3702300,AXP,0,4
736,2020-11-23,114.24,116.78,113.72,110.6,3022900,AXP,0,0
737,2020-11-24,119.0,120.84,117.89,114.7,6163400,AXP,0,1
738,2020-11-25,119.5,120.98,118.25,114.88,4646600,AXP,0,2
739,2020-11-27,120.53,121.69,119.79,114.89,2447700,AXP,0,4
740,2020-11-30,120.03,121.48,118.0,112.98,3517700,AXP,0,0
741,2020-12-01,120.32,122.57,119.85,114.26,3583400,AXP,0,1
742,2020-12-02,119.28,122.85,118.9,116.54,3271900,AXP,0,2
743,2020-12-03,122.85,123.95,122.12,117.3,4285100,AXP,0,3
744,2020-12-04,124.35,125.32,123.85,119.13,5048600,AXP,0,4
745,2020-12-07,124.51,124.87,122.63,118.08,4253700,AXP,0,0
746,2020-12-08,122.47,124.55,122.02,117.68,3623000,AXP,0,1
747,2020-12-09,123.28,123.96,121.01,115.93,3622800,AXP,0,2
748,2020-12-10,120.72,122.13,119.7,116.08,2818800,AXP,0,3
749,2020-12-11,120.11,120.5,118.84,114.54,2942800,AXP,0,4
750,2020-12-14,121.73,121.79,116.65,111.81,5336300,AXP,0,0
751,2020-12-15,118.79,119.31,115.56,113.47,4528900,AXP,0,1
752,2020-12-16,118.93,119.59,118.28,113.37,2943700,AXP,0,2
753,2020-12-17,119.41,119.67,118.46,113.35,3746700,AXP,0,3
754,2020-12-18,118.59,119.36,116.65,111.95,8394100,AXP,0,4
755,2020-12-21,115.77,118.0,113.72,110.9,4528300,AXP,0,0
756,2020-12-22,116.19,116.26,114.38,109.13,3632300,AXP,0,1
757,2020-12-23,115.78,118.19,115.78,111.42,2725200,AXP,0,2
758,2020-12-24,116.93,117.44,115.82,111.8,707000,AXP,0,3
759,2020-12-28,118.05,119.35,117.6,112.76,1878700,AXP,0,0
760,2020-12-29,119.24,119.35,118.0,112.55,1860400,AXP,0,1
761,2020-12-30,118.25,119.95,118.15,113.78,1954200,AXP,0,2
762,2020-12-31,119.71,121.06,119.16,115.19,1747800,AXP,0,3
763,2021-01-04,121.3,121.8,116.85,112.46,3472100,AXP,0,0
764,2021-01-05,118.26,119.28,117.1,113.06,2112700,AXP,0,1
765,2021-01-06,121.0,124.73,120.81,117.24,5861500,AXP,0,2
766,2021-01-07,124.1,125.69,117.35,116.31,8696600,AXP,0,3
767,2021-01-08,122.07,122.2,119.52,116.43,2934500,AXP,0,4
768,2021-01-11,120.42,121.41,119.39,115.74,3311000,AXP,0,0
769,2021-01-12,122.0,122.32,120.72,116.27,2671300,AXP,0,1
770,2021-01-13,121.6,123.89,121.16,117.02,3678300,AXP,0,2
771,2021-01-14,122.65,124.5,122.09,118.34,3404700,AXP,0,3
772,2021-01-15,122.48,122.86,121.71,116.78,3948200,AXP,0,4
773,2021-01-19,125.49,128.06,124.24,121.18,5818500,AXP,0,1
774,2021-01-20,127.19,129.54,127.07,123.27,4090200,AXP,0,2
775,2021-01-21,128.29,128.89,126.1,121.83,3654900,AXP,0,3
776,2021-01-22,125.74,127.06,124.88,120.6,2954800,AXP,0,4
777,2021-01-25,124.24,125.0,120.32,115.82,6156700,AXP,0,0
778,2021-01-26,118.75,120.29,115.72,111.04,8932500,AXP,0,1
779,2021-01-27,114.86,116.8,112.1,109.08,5816900,AXP,0,2
780,2021-01-28,117.43,120.38,116.6,113.74,5788500,AXP,0,3
781,2021-01-29,117.74,118.39,115.81,111.15,5059300,AXP,0,4
782,2021-02-01,117.7,119.29,117.0,111.89,3359800,AXP,0,0
783,2021-02-02,118.29,122.42,118.28,115.39,4036700,AXP,0,1
784,2021-02-03,120.08,120.98,119.56,115.15,2782500,AXP,0,2
785,2021-02-04,120.99,125.41,120.8,119.41,3915900,AXP,0,3
786,2021-02-05,126.62,127.34,125.63,120.73,3184200,AXP,0,4
787,2021-02-08,126.87,128.4,126.75,122.36,3360900,AXP,0,0
788,2021-02-09,127.65,127.66,126.2,121.11,2175000,AXP,0,1
789,2021-02-10,127.63,128.7,126.84,122.59,2929100,AXP,0,2
790,2021-02-11,127.45,129.12,126.98,122.67,3733000,AXP,0,3
791,2021-02-12,128.19,130.46,128.0,123.92,2873300,AXP,0,4
792,2021-02-16,128.91,130.91,128.25,124.94,2730600,AXP,0,1
793,2021-02-17,130.08,131.16,128.44,122.91,3088800,AXP,0,2
794,2021-02-18,127.49,128.83,126.08,122.84,2269700,AXP,0,3
795,2021-02-19,129.49,133.36,129.49,125.92,3419500,AXP,0,4
796,2021-02-22,131.51,136.47,131.37,129.97,3923100,AXP,0,0
797,2021-02-23,136.47,138.31,134.28,130.92,4814400,AXP,0,1
798,2021-02-24,137.2,140.95,136.81,133.74,4099500,AXP,0,2
799,2021-02-25,140.62,140.64,136.37,131.05,3607500,AXP,0,3
800,2021-02-26,137.1,138.25,133.79,129.31,3654800,AXP,0,4
801,2021-03-01,138.18,139.77,138.12,132.61,2972100,AXP,0,0
802,2021-03-02,138.24,140.19,138.08,133.13,2929100,AXP,0,1
803,2021-03-03,140.0,144.25,140.0,136.32,4393700,AXP,0,2
804,2021-03-04,142.15,144.11,139.95,136.41,4461700,AXP,0,3
805,2021-03-05,144.66,147.96,142.08,140.85,5048300,AXP,0,4
806,2021-03-08,147.28,151.46,146.72,143.66,4283400,AXP,0,0
807,2021-03-09,148.58,149.08,144.11,138.72,5806100,AXP,0,1
808,2021-03-10,145.7,148.29,145.44,140.3,3049800,AXP,0,2
809,2021-03-11,146.0,147.82,145.13,141.26,3147700,AXP,0,3
810,2021-03-12,149.1,150.64,148.02,142.01,2420100,AXP,0,4
811,2021-03-15,148.04,148.92,146.03,140.53,2586300,AXP,0,0
812,2021-03-16,147.25,147.26,142.82,137.0,4031000,AXP,0,1
813,2021-03-17,144.76,144.82,141.9,138.32,3278500,AXP,0,2
814,2021-03-18,145.49,145.5,142.07,136.31,3173600,AXP,0,3
815,2021-03-19,141.9,141.94,139.74,134.52,5098300,AXP,0,4
816,2021-03-22,139.49,140.99,138.81,133.8,2274100,AXP,0,0
817,2021-03-23,138.94,139.5,135.13,130.1,4905400,AXP,0,1
818,2021-03-24,137.97,140.04,137.61,132.34,2638900,AXP,0,2
819,2021-03-25,137.95,142.53,136.76,136.03,2766400,AXP,0,3
820,2021-03-26,143.74,143.98,141.05,137.41,2687500,AXP,0,4
821,2021-03-29,141.98,143.07,140.31,136.11,2220600,AXP,0,0
822,2021-03-30,142.9,144.48,142.61,137.18,2034500,AXP,0,1
823,2021-03-31,142.98,143.26,141.35,135.63,2957300,AXP,0,2
824,2021-04-01,142.34,144.63,142.21,138.63,2629200,AXP,0,3
825,2021-04-05,146.91,147.48,145.61,140.06,2960100,AXP,0,0
826,2021-04-06,145.98,146.53,144.38,140.15,2851200,AXP,0,1
827,2021-04-07,147.42,148.36,145.72,141.09,2399500,AXP,0,2
828,2021-04-08,146.8,147.16,144.68,141.0,2295600,AXP,0,3
829,2021-04-09,148.21,148.44,146.69,141.71,1783400,AXP,0,4
830,2021-04-12,147.26,147.77,146.41,141.51,1869000,AXP,0,0
831,2021-04-13,146.55,146.6,143.84,139.99,2132100,AXP,0,1
832,2021-04-14,145.81,148.75,145.7,141.36,2141800,AXP,0,2
833,2021-04-15,147.51,148.59,145.5,142.43,2901200,AXP,0,3
834,2021-04-16,149.71,150.45,148.69,143.83,3480000,AXP,0,4
835,2021-04-19,149.19,149.51,147.8,142.44,2259100,AXP,0,0
836,2021-04-20,147.21,147.5,144.51,139.14,2526700,AXP,0,1
837,2021-04-21,144.0,147.38,143.02,141.13,2161700,AXP,0,2
838,2021-04-22,147.57,148.92,145.87,141.11,3247300,AXP,0,3
839,2021-04-23,141.54,144.98,140.68,138.4,6395300,AXP,0,4
840,2021-04-26,146.8,151.12,145.56,144.16,4821100,AXP,0,0
841,2021-04-27,150.7,150.88,148.85,144.18,2692100,AXP,0,1
842,2021-04-28,150.68,153.46,149.44,146.27,2584500,AXP,0,2
843,2021-04-29,153.85,155.08,152.09,148.28,2636000,AXP,0,3
844,2021-04-30,153.6,154.04,152.48,147.05,2712700,AXP,0,4
845,2021-05-03,154.59,156.05,154.01,148.44,2726200,AXP,0,0
846,2021-05-04,154.48,155.74,152.84,148.18,3025100,AXP,0,1
847,2021-05-05,154.87,156.73,154.32,149.97,3001600,AXP,0,2
848,2021-05-06,156.86,157.51,154.02,150.44,2798800,AXP,0,3
849,2021-05-07,155.61,159.26,155.34,152.45,2617800,AXP,0,4
850,2021-05-10,159.75,160.69,158.5,152.16,2987600,AXP,0,0
851,2021-05-11,156.46,157.79,153.65,148.09,3900100,AXP,0,1
852,2021-05-12,154.72,155.9,152.07,146.04,3487400,AXP,0,2
853,2021-05-13,152.41,154.81,151.81,147.75,2269700,AXP,0,3
854,2021-05-14,155.39,157.94,154.53,150.69,1892700,AXP,0,4
855,2021-05-17,157.05,157.38,155.88,150.42,1541400,AXP,0,0
856,2021-05-18,157.36,158.3,154.86,148.62,2417800,AXP,0,1
857,2021-05-19,152.07,154.78,151.72,148.37,3526800,AXP,0,2
858,2021-05-20,155.47,156.25,153.93,149.14,3031100,AXP,0,3
859,2021-05-21,156.7,158.81,156.35,150.43,3424100,AXP,0,4
860,2021-05-24,157.7,158.91,156.95,152.12,1956900,AXP,0,0
861,2021-05-25,159.07,160.08,157.74,151.52,2484200,AXP,0,1
862,2021-05-26,158.16,159.38,157.37,152.07,3731600,AXP,0,2
863,2021-05-27,159.98,160.29,158.85,153.18,2828400,AXP,0,3
864,2021-05-28,160.26,160.64,158.86,153.55,2436400,AXP,0,4
865,2021-06-01,162.51,164.11,161.55,157.03,3827800,AXP,0,1
866,2021-06-02,164.61,165.69,163.32,157.38,3384600,AXP,0,2
867,2021-06-03,163.68,165.42,162.82,157.76,2454800,AXP,0,3
868,2021-06-04,165.0,165.73,163.32,158.22,3239300,AXP,0,4
869,2021-06-07,165.63,166.65,165.37,159.1,2516400,AXP,0,0
870,2021-06-08,164.86,167.14,163.63,159.67,2486300,AXP,0,1
871,2021-06-09,165.27,166.14,163.8,157.35,2700100,AXP,0,2
872,2021-06-10,165.18,165.21,162.12,155.57,3024500,AXP,0,3
873,2021-06-11,163.0,164.54,162.51,157.75,1630100,AXP,0,4
874,2021-06-14,164.3,164.88,163.11,157.08,2125700,AXP,0,0
875,2021-06-15,163.93,166.9,163.8,159.44,3726100,AXP,0,1
876,2021-06-16,165.78,166.65,164.27,157.91,3281300,AXP,0,2
877,2021-06-17,165.97,166.0,160.53,155.47,4194400,AXP,0,3
878,2021-06-18,158.7,159.67,157.25,151.67,6900200,AXP,0,4
879,2021-06-21,160.08,165.21,159.13,158.13,3681400,AXP,0,0
880,2021-06-22,163.42,165.24,162.46,157.74,2697600,AXP,0,1
881,2021-06-23,165.03,166.86,164.79,159.2,2327600,AXP,0,2
882,2021-06-24,167.06,168.58,166.41,161.3,2417100,AXP,0,3
883,2021-06-25,168.45,170.41,168.45,162.49,9186000,AXP,0,4
884,2021-06-28,168.62,168.85,163.2,158.01,3433400,AXP,0,0
885,2021-06-29,165.57,166.32,163.23,157.5,2785900,AXP,0,1
886,2021-06-30,163.7,166.16,163.7,158.44,2331800,AXP,0,2
887,2021-07-01,165.65,167.37,164.69,160.5,2685900,AXP,0,3
888,2021-07-02,167.7,168.98,167.01,162.0,2028700,AXP,0,4
889,2021-07-06,172.54,172.54,167.8,163.02,4688100,AXP,0,1
890,2021-07-07,169.6,174.76,169.38,164.38,3998900,AXP,0,2
891,2021-07-08,166.95,170.04,165.59,161.04,4628400,AXP,0,3
892,2021-07-09,170.0,172.31,169.21,165.31,3175200,AXP,0,4
893,2021-07-12,170.07,174.1,169.88,166.9,3154100,AXP,0,0
894,2021-07-13,174.0,174.74,172.42,165.96,2675000,AXP,0,1
895,2021-07-14,172.86,174.55,171.01,165.86,3123100,AXP,0,2
896,2021-07-15,171.14,173.26,171.1,166.18,3448200,AXP,0,3
897,2021-07-16,173.74,173.79,169.54,163.45,4359800,AXP,0,4
898,2021-07-19,165.65,166.38,161.48,156.53,6739800,AXP,0,0
899,2021-07-20,162.94,169.58,162.57,162.35,4243700,AXP,0,1
900,2021-07-21,170.74,173.62,169.74,165.85,3384500,AXP,0,2
901,2021-07-22,172.25,173.21,169.05,164.31,3335900,AXP,0,3
902,2021-07-23,176.53,179.67,172.95,166.5,6326600,AXP,0,4
903,2021-07-26,173.25,175.43,172.3,165.95,3115900,AXP,0,0
904,2021-07-27,170.46,175.12,169.96,166.27,7922600,AXP,0,1
905,2021-07-28,173.0,173.45,169.71,163.46,7961700,AXP,0,2
906,2021-07-29,171.39,173.82,171.0,165.32,3186900,AXP,0,3
907,2021-07-30,172.32,173.24,169.82,163.95,3441900,AXP,0,4
908,2021-08-02,171.14,173.36,168.76,162.74,2895700,AXP,0,0
909,2021-08-03,169.75,170.29,165.3,162.52,3642000,AXP,0,1
910,2021-08-04,168.3,170.44,167.32,161.58,3544400,AXP,0,2
911,2021-08-05,168.66,170.53,168.32,163.09,2535400,AXP,0,3
912,2021-08-06,170.53,172.85,169.74,164.75,2828700,AXP,0,4
913,2021-08-09,170.35,171.12,168.79,164.19,2560200,AXP,0,0
914,2021-08-10,170.73,171.7,168.68,162.95,3389500,AXP,0,1
915,2021-08-11,169.45,170.73,168.67,164.09,3843400,AXP,0,2
916,2021-08-12,170.02,170.11,167.97,162.02,3372800,AXP,0,3
917,2021-08-13,168.09,168.3,165.61,159.67,4157700,AXP,0,4
918,2021-08-16,164.77,165.9,162.63,159.36,3845400,AXP,0,0
919,2021-08-17,164.76,166.35,163.35,158.3,7631600,AXP,0,1
920,2021-08-18,163.83,165.14,162.06,155.88,3563700,AXP,0,2
921,2021-08-19,160.16,161.09,157.33,152.89,4256400,AXP,0,3
922,2021-08-20,158.85,159.99,158.06,153.59,3075000,AXP,0,4
923,2021-08-23,161.23,161.85,160.11,154.26,2006300,AXP,0,0
924,2021-08-24,160.6,161.9,160.19,154.98,2377600,AXP,0,1
925,2021-08-25,161.88,167.23,160.5,159.77,3579900,AXP,0,2
926,2021-08-26,165.97,166.5,164.38,159.12,3164700,AXP,0,3
927,2021-08-27,165.35,168.89,165.16,162.14,3002300,AXP,0,4
928,2021-08-30,168.16,168.3,164.21,157.92,2582100,AXP,0,0
929,2021-08-31,164.1,166.43,163.72,159.56,3536300,AXP,0,1
930,2021-09-01,166.34,167.28,164.13,158.1,2569000,AXP,0,2
931,2021-09-02,165.05,165.08,161.14,155.8,4350600,AXP,0,3
932,2021-09-03,160.75,161.28,158.17,153.15,4206500,AXP,0,4
933,2021-09-07,158.87,160.66,158.57,153.56,3779000,AXP,0,1
934,2021-09-08,159.19,159.26,156.8,152.8,3056700,AXP,0,2
935,2021-09-09,158.78,162.15,158.54,153.24,3295800,AXP,0,3
936,2021-09-10,161.17,161.46,158.39,152.6,2943700,AXP,0,4
937,2021-09-13,160.64,161.8,159.75,155.22,3192500,AXP,0,0
938,2021-09-14,162.68,165.83,158.78,153.33,4281500,AXP,0,1
939,2021-09-15,160.02,162.31,159.21,155.12,2933100,AXP,0,2
940,2021-09-16,163.1,164.5,162.2,156.36,2765000,AXP,0,3
941,2021-09-17,161.57,164.25,161.57,157.6,6390600,AXP,0,4
942,2021-09-20,159.36,162.14,157.95,154.38,5976900,AXP,0,0
943,2021-09-21,161.91,165.35,161.69,156.97,3480600,AXP,0,1
944,2021-09-22,165.62,168.62,164.9,161.03,3562800,AXP,0,2
945,2021-09-23,169.49,174.1,169.31,166.67,4399200,AXP,0,3
946,2021-09-24,173.37,176.0,173.3,168.94,2680400,AXP,0,4
947,2021-09-27,177.67,178.8,176.33,169.95,3703300,AXP,0,0
948,2021-09-28,175.49,177.24,172.69,166.46,3862200,AXP,0,1
949,2021-09-29,172.89,172.98,170.4,164.92,2726100,AXP,0,2
950,2021-09-30,172.18,172.36,167.41,161.07,3088200,AXP,0,3
951,2021-10-01,168.5,175.12,168.48,167.23,3956000,AXP,0,4
952,2021-10-04,173.88,177.23,171.88,166.0,3613900,AXP,0,0
953,2021-10-05,173.43,176.06,172.64,168.02,2629400,AXP,0,1
954,2021-10-06,172.55,174.9,169.9,166.71,2922200,AXP,0,2
955,2021-10-07,175.5,176.87,173.7,167.98,3578800,AXP,0,3
956,2021-10-08,173.85,176.98,173.53,168.81,2375300,AXP,0,4
957,2021-10-11,175.79,176.79,173.33,167.18,2499200,AXP,0,0
958,2021-10-12,173.61,176.56,173.1,168.58,3069500,AXP,0,1
959,2021-10-13,172.78,174.09,167.08,162.61,5608100,AXP,0,2
960,2021-10-14,171.0,172.38,169.81,165.3,3061900,AXP,0,3
961,2021-10-15,173.77,177.77,173.15,169.45,3043900,AXP,0,4
962,2021-10-18,175.58,177.61,174.33,170.42,2623300,AXP,0,0
963,2021-10-19,177.73,178.0,176.26,170.89,1400100,AXP,0,1
964,2021-10-20,176.95,179.77,176.21,173.1,2398500,AXP,0,2
965,2021-10-21,179.58,179.79,176.01,171.05,3313800,AXP,0,3
966,2021-10-22,185.0,189.03,182.2,180.31,6026100,AXP,0,4
967,2021-10-25,186.73,187.21,181.83,175.71,3889600,AXP,0,0
968,2021-10-26,183.42,183.5,177.52,174.4,3832200,AXP,0,1
969,2021-10-27,180.1,183.73,177.91,171.59,3309900,AXP,0,2
970,2021-10-28,178.4,179.23,173.02,168.29,4865700,AXP,0,3
971,2021-10-29,175.63,176.67,173.04,167.49,3455400,AXP,0,4
972,2021-11-01,174.58,176.07,173.34,167.91,2250400,AXP,0,0
973,2021-11-02,175.0,175.2,172.57,166.9,3252900,AXP,0,1
974,2021-11-03,172.7,173.83,171.75,166.36,3831200,AXP,0,2
975,2021-11-04,172.13,174.02,171.66,166.29,3315400,AXP,0,3
976,2021-11-05,176.18,177.79,175.35,170.3,3936000,AXP,0,4
977,2021-11-08,178.07,182.09,177.79,173.53,3392000,AXP,0,0
978,2021-11-09,179.76,181.19,178.43,173.35,3203300,AXP,0,1
979,2021-11-10,179.36,183.48,179.36,174.83,3296700,AXP,0,2
980,2021-11-11,181.99,182.73,180.74,174.74,2119700,AXP,0,3
981,2021-11-12,180.71,182.38,179.65,175.31,2390200,AXP,0,4
982,2021-11-15,182.53,183.93,182.04,176.5,1748300,AXP,0,0
983,2021-11-16,183.4,183.4,179.74,174.37,3299200,AXP,0,1
984,2021-11-17,181.18,181.74,178.2,173.11,3543500,AXP,0,2
985,2021-11-18,180.0,180.37,175.84,169.83,4011500,AXP,0,3
986,2021-11-19,173.73,175.27,171.84,167.26,4456500,AXP,0,4
987,2021-11-22,174.99,175.25,170.89,164.72,4651700,AXP,0,0
988,2021-11-23,171.3,171.95,167.83,164.67,5890300,AXP,0,1
989,2021-11-24,168.48,171.98,167.9,165.4,3590600,AXP,0,2
990,2021-11-26,165.09,165.24,154.5,151.14,6804200,AXP,0,4
991,2021-11-29,160.75,161.41,154.34,152.15,6258500,AXP,0,0
992,2021-11-30,155.09,155.87,151.7,146.79,7444900,AXP,0,1
993,2021-12-01,156.1,157.07,149.89,144.63,6145500,AXP,0,2
994,2021-12-02,151.68,157.91,151.46,151.1,6289300,AXP,0,3
995,2021-12-03,158.08,158.33,153.63,150.3,4069300,AXP,0,4
996,2021-12-06,159.07,162.74,158.05,154.86,4141900,AXP,0,0
997,2021-12-07,164.5,169.16,164.16,160.91,5124500,AXP,0,1
998,2021-12-08,167.98,170.54,167.28,162.82,4042400,AXP,0,2
999,2021-12-09,167.85,168.83,166.55,161.94,2245300,AXP,0,3
1000,2021-12-10,169.38,170.58,165.96,160.99,2768500,AXP,0,4
1001,2021-12-13,166.4,166.4,161.99,157.39,3477600,AXP,0,0
1002,2021-12-14,162.14,165.26,161.06,156.96,2964200,AXP,0,1
1003,2021-12-15,162.71,163.05,158.53,156.37,5013000,AXP,0,2
1004,2021-12-16,164.0,165.18,161.9,157.1,4900100,AXP,0,3
1005,2021-12-17,161.0,161.32,156.95,154.22,9576800,AXP,0,4
1006,2021-12-20,157.0,158.21,153.78,150.25,3839600,AXP,0,0
1007,2021-12-21,157.75,161.05,157.52,155.09,3722400,AXP,0,1
1008,2021-12-22,160.53,163.17,160.45,156.59,2877700,AXP,0,2
1009,2021-12-23,163.86,166.4,163.59,158.25,3140500,AXP,0,3
1010,2021-12-27,165.0,165.0,162.53,158.44,1687300,AXP,0,0
1011,2021-12-28,163.6,166.13,163.6,158.46,2035300,AXP,0,1
1012,2021-12-29,164.62,164.93,163.26,157.9,2082200,AXP,0,2
1013,2021-12-30,164.62,165.8,164.0,158.22,1632900,AXP,0,3
1014,2021-12-31,164.1,165.17,163.25,157.68,1743600,AXP,0,4
1015,2022-01-03,164.51,168.4,164.4,162.12,3236400,AXP,0,0
1016,2022-01-04,169.72,174.05,169.6,167.33,4799500,AXP,0,1
1017,2022-01-05,174.71,176.31,171.5,165.54,4491900,AXP,0,2
1018,2022-01-06,172.54,173.69,169.75,167.06,2649400,AXP,0,3
1019,2022-01-07,172.49,175.36,171.86,168.49,3043000,AXP,0,4
1020,2022-01-10,176.21,176.21,170.5,167.87,4269400,AXP,0,0
1021,2022-01-11,174.54,175.72,172.49,169.46,2762700,AXP,0,1
1022,2022-01-12,176.23,176.82,174.17,168.58,3224300,AXP,0,2
1023,2022-01-13,174.92,176.38,172.85,167.44,3808800,AXP,0,3
1024,2022-01-14,168.71,168.71,164.71,162.71,6508500,AXP,0,4
1025,2022-01-18,167.91,168.94,164.84,160.56,4336300,AXP,0,1
1026,2022-01-19,166.73,166.73,161.17,155.94,3592000,AXP,0,2
1027,2022-01-20,161.12,164.57,159.46,155.49,4205600,AXP,0,3
1028,2022-01-21,159.95,161.88,157.68,153.38,3779100,AXP,0,4
1029,2022-01-24,155.82,159.45,152.85,153.56,5405000,AXP,0,0
1030,2022-01-25,166.14,174.47,159.66,167.26,13320800,AXP,0,1
1031,2022-01-26,176.95,179.22,173.03,169.4,8257300,AXP,0,2
1032,2022-01-27,176.7,178.2,170.63,166.09,3649900,AXP,0,3
1033,2022-01-28,171.76,177.21,169.77,171.08,4271500,AXP,0,4
1034,2022-01-31,175.91,180.13,175.22,173.75,5524300,AXP,0,0
1035,2022-02-01,179.92,184.04,179.0,177.34,3471200,AXP,0,1
1036,2022-02-02,182.51,184.58,181.64,177.94,2841400,AXP,0,2
1037,2022-02-03,184.8,185.8,182.32,177.82,3380900,AXP,0,3
1038,2022-02-04,184.91,188.68,184.18,179.57,4075800,AXP,0,4
1039,2022-02-07,185.63,188.91,184.75,181.53,3260800,AXP,0,0
1040,2022-02-08,188.08,194.53,187.61,187.45,5133900,AXP,0,1
1041,2022-02-09,194.3,198.72,194.3,189.77,4614200,AXP,0,2
1042,2022-02-10,196.36,198.23,194.61,188.91,4511100,AXP,0,3
1043,2022-02-11,195.43,197.2,190.45,185.33,4834900,AXP,0,4
1044,2022-02-14,192.26,194.15,190.92,185.85,3841300,AXP,0,0
1045,2022-02-15,194.65,198.36,194.18,191.29,4134300,AXP,0,1
1046,2022-02-16,197.5,199.55,197.24,191.68,4122600,AXP,0,2
1047,2022-02-17,195.63,197.38,194.27,189.1,3051700,AXP,0,3
1048,2022-02-18,194.92,197.75,194.2,188.3,2806300,AXP,0,4
1049,2022-02-22,195.18,196.15,191.75,185.94,3420600,AXP,0,1
1050,2022-02-23,194.35,194.45,188.55,182.57,3562100,AXP,0,2
1051,2022-02-24,180.47,188.5,179.05,181.99,5886600,AXP,0,3
1052,2022-02-25,189.66,194.25,189.46,187.17,5426200,AXP,0,4
1053,2022-02-28,189.63,195.13,189.23,187.97,5787800,AXP,0,0
1054,2022-03-01,194.67,194.77,176.77,172.05,8562500,AXP,0,1
1055,2022-03-02,179.79,182.24,178.1,174.22,4058800,AXP,0,2
1056,2022-03-03,182.11,183.45,178.73,173.81,3339900,AXP,0,3
1057,2022-03-04,176.62,176.83,170.82,167.11,5348600,AXP,0,4
1058,2022-03-07,170.13,170.76,159.08,153.76,7760400,AXP,0,0
1059,2022-03-08,160.52,166.29,155.72,154.64,7058900,AXP,0,1
1060,2022-03-09,168.02,170.73,166.71,162.95,4788200,AXP,0,2
1061,2022-03-10,165.59,170.96,164.83,163.87,3840900,AXP,0,3
1062,2022-03-11,171.75,172.31,167.63,162.23,3000000,AXP,0,4
1063,2022-03-14,171.33,174.71,169.71,166.95,4614600,AXP,0,0
1064,2022-03-15,173.59,178.3,173.37,170.09,3827300,AXP,0,1
1065,2022-03-16,179.18,182.76,176.3,174.51,5239300,AXP,0,2
1066,2022-03-17,180.18,187.71,180.06,180.66,6398900,AXP,0,3
1067,2022-03-18,188.69,191.0,184.84,184.28,8744100,AXP,0,4
1068,2022-03-21,190.77,191.5,187.56,182.7,3166200,AXP,0,0
1069,2022-03-22,190.5,194.35,190.06,184.87,3007000,AXP,0,1
1070,2022-03-23,188.83,189.62,185.18,179.74,3664600,AXP,0,2
1071,2022-03-24,186.61,189.37,185.7,182.51,2424400,AXP,0,3
1072,2022-03-25,190.41,191.26,189.0,183.85,1871900,AXP,0,4
1073,2022-03-28,189.95,189.95,186.29,183.29,3043700,AXP,0,0
1074,2022-03-29,192.33,194.0,190.36,184.49,2764100,AXP,0,1
1075,2022-03-30,191.39,192.1,188.4,183.35,2278000,AXP,0,2
1076,2022-03-31,189.53,191.11,186.94,180.68,3801600,AXP,0,3
1077,2022-04-01,188.2,189.42,186.28,180.85,2647000,AXP,0,4
1078,2022-04-04,187.62,188.5,185.59,181.32,2971400,AXP,0,0
1079,2022-04-05,187.49,190.84,184.8,179.14,2974700,AXP,0,1
1080,2022-04-06,184.49,184.87,181.73,177.51,3143300,AXP,0,2
1081,2022-04-07,181.52,183.27,179.11,176.73,4062400,AXP,0,3
1082,2022-04-08,183.0,186.72,181.93,178.0,3075600,AXP,0,4
1083,2022-04-11,181.06,182.44,177.25,172.06,4816800,AXP,0,0
1084,2022-04-12,176.57,179.25,174.71,170.09,4348900,AXP,0,1
1085,2022-04-13,174.23,180.02,174.0,174.02,2980600,AXP,0,2
1086,2022-04-14,179.27,182.47,178.68,175.54,2667100,AXP,0,3
1087,2022-04-18,181.33,185.89,181.0,178.76,2182700,AXP,0,0
1088,2022-04-19,185.01,188.09,184.71,181.36,2713800,AXP,0,1
1089,2022-04-20,188.33,190.15,187.64,182.61,2256200,AXP,0,2
1090,2022-04-21,190.94,192.42,184.58,179.98,3973200,AXP,0,3
1091,2022-04-22,185.43,185.55,180.32,174.94,4373700,AXP,0,4
1092,2022-04-25,179.98,184.26,177.99,178.39,4408900,AXP,0,0
1093,2022-04-26,183.25,183.91,178.54,173.11,3728100,AXP,0,1
1094,2022-04-27,177.66,179.41,175.5,172.12,4085800,AXP,0,2
1095,2022-04-28,180.35,183.89,177.61,176.33,2703200,AXP,0,3
1096,2022-04-29,180.09,182.31,174.33,169.29,3210100,AXP,0,4
1097,2022-05-02,174.65,174.88,167.51,166.29,3881800,AXP,0,0
1098,2022-05-03,173.0,174.0,170.33,166.77,3152300,AXP,0,1
1099,2022-05-04,172.22,178.17,171.2,172.3,2930400,AXP,0,2
1100,2022-05-05,176.64,176.76,169.33,165.7,2987100,AXP,0,3
1101,2022-05-06,169.17,169.99,165.01,161.96,3129800,AXP,0,4
1102,2022-05-09,165.03,166.02,160.38,156.02,4485200,AXP,0,0
1103,2022-05-10,163.42,164.73,158.39,156.81,3014800,AXP,0,1
1104,2022-05-11,161.73,164.94,159.04,154.44,2644300,AXP,0,2
1105,2022-05-12,155.6,157.16,149.88,148.51,5314800,AXP,0,3
1106,2022-05-13,155.96,160.09,155.88,153.82,3625100,AXP,0,4
